,MeasureReport ID,Measure,Updated,Subject,Reporter,Period Start,Period End,positiveIncreasePercent,positiveIncreasePercentUnit,totalOrdersIncrease,totalTestResultsIncrease,positiveIncrease,positivePercent,positivePercentUnit,totalOrders,rejected,totalTestResults,positive,allReports,latestReports
0,2,http://hl7.org/fhir/uv/saner/Measure/FEMADailyHospitalCOVID19Reporting,2023-01-05T20:26:07.403+00:00,State of New Jersey,New Jersey Department of Public Health,2020-04-04,2020-04-04,53.85,%,,7853,4229,45.28,%,,,75356,34124,,
1,826,http://hl7.org/fhir/uv/saner/Measure/FEMADailyHospitalCOVID19Reporting,2023-01-05T20:26:07.403+00:00,State of New Jersey,New Jersey Department of Public Health,2020-04-04,2020-04-04,53.85,%,,7853,4229,45.28,%,,,75356,34124,,
2,208,http://hl7.org/fhir/uv/saner/Measure/FEMADailyHospitalCOVID19Reporting,2023-01-05T20:26:07.403+00:00,State of New Jersey,New Jersey Department of Public Health,2020-04-04,2020-04-04,53.85,%,,7853,4229,45.28,%,,,75356,34124,,
3,414,http://hl7.org/fhir/uv/saner/Measure/FEMADailyHospitalCOVID19Reporting,2023-01-05T20:26:07.403+00:00,State of New Jersey,New Jersey Department of Public Health,2020-04-04,2020-04-04,53.85,%,,7853,4229,45.28,%,,,75356,34124,,
4,1444,http://hl7.org/fhir/uv/saner/Measure/FEMADailyHospitalCOVID19Reporting,2023-01-05T20:26:07.403+00:00,State of New Jersey,New Jersey Department of Public Health,2020-04-04,2020-04-04,53.85,%,,7853,4229,45.28,%,,,75356,34124,,
5,620,http://hl7.org/fhir/uv/saner/Measure/FEMADailyHospitalCOVID19Reporting,2023-01-05T20:26:07.403+00:00,State of New Jersey,New Jersey Department of Public Health,2020-04-04,2020-04-04,53.85,%,,7853,4229,45.28,%,,,75356,34124,,
6,1032,http://hl7.org/fhir/uv/saner/Measure/FEMADailyHospitalCOVID19Reporting,2023-01-05T20:26:07.403+00:00,State of New Jersey,New Jersey Department of Public Health,2020-04-04,2020-04-04,53.85,%,,7853,4229,45.28,%,,,75356,34124,,
7,1238,http://hl7.org/fhir/uv/saner/Measure/FEMADailyHospitalCOVID19Reporting,2023-01-05T20:26:07.403+00:00,State of New Jersey,New Jersey Department of Public Health,2020-04-04,2020-04-04,53.85,%,,7853,4229,45.28,%,,,75356,34124,,
8,1240,http://hl7.org/fhir/uv/saner/Measure/FEMADailyHospitalCOVID19Reporting,2023-01-05T20:26:07.403+00:00,State of New Jersey,New Jersey Department of Public Health,2020-04-05,2020-04-05,49.65,%,,6810,3381,45.65,%,,,82166,37505,,
9,1034,http://hl7.org/fhir/uv/saner/Measure/FEMADailyHospitalCOVID19Reporting,2023-01-05T20:26:07.403+00:00,State of New Jersey,New Jersey Department of Public Health,2020-04-05,2020-04-05,49.65,%,,6810,3381,45.65,%,,,82166,37505,,
10,1446,http://hl7.org/fhir/uv/saner/Measure/FEMADailyHospitalCOVID19Reporting,2023-01-05T20:26:07.403+00:00,State of New Jersey,New Jersey Department of Public Health,2020-04-05,2020-04-05,49.65,%,,6810,3381,45.65,%,,,82166,37505,,
11,4,http://hl7.org/fhir/uv/saner/Measure/FEMADailyHospitalCOVID19Reporting,2023-01-05T20:26:07.403+00:00,State of New Jersey,New Jersey Department of Public Health,2020-04-05,2020-04-05,49.65,%,,6810,3381,45.65,%,,,82166,37505,,
12,416,http://hl7.org/fhir/uv/saner/Measure/FEMADailyHospitalCOVID19Reporting,2023-01-05T20:26:07.403+00:00,State of New Jersey,New Jersey Department of Public Health,2020-04-05,2020-04-05,49.65,%,,6810,3381,45.65,%,,,82166,37505,,
13,828,http://hl7.org/fhir/uv/saner/Measure/FEMADailyHospitalCOVID19Reporting,2023-01-05T20:26:07.403+00:00,State of New Jersey,New Jersey Department of Public Health,2020-04-05,2020-04-05,49.65,%,,6810,3381,45.65,%,,,82166,37505,,
14,622,http://hl7.org/fhir/uv/saner/Measure/FEMADailyHospitalCOVID19Reporting,2023-01-05T20:26:07.403+00:00,State of New Jersey,New Jersey Department of Public Health,2020-04-05,2020-04-05,49.65,%,,6810,3381,45.65,%,,,82166,37505,,
15,210,http://hl7.org/fhir/uv/saner/Measure/FEMADailyHospitalCOVID19Reporting,2023-01-05T20:26:07.403+00:00,State of New Jersey,New Jersey Department of Public Health,2020-04-05,2020-04-05,49.65,%,,6810,3381,45.65,%,,,82166,37505,,
16,624,http://hl7.org/fhir/uv/saner/Measure/FEMADailyHospitalCOVID19Reporting,2023-01-05T20:26:07.403+00:00,State of New Jersey,New Jersey Department of Public Health,2020-04-06,2020-04-06,52.21,%,,6866,3585,46.15,%,,,89032,41090,,
17,830,http://hl7.org/fhir/uv/saner/Measure/FEMADailyHospitalCOVID19Reporting,2023-01-05T20:26:07.403+00:00,State of New Jersey,New Jersey Department of Public Health,2020-04-06,2020-04-06,52.21,%,,6866,3585,46.15,%,,,89032,41090,,
18,1242,http://hl7.org/fhir/uv/saner/Measure/FEMADailyHospitalCOVID19Reporting,2023-01-05T20:26:07.403+00:00,State of New Jersey,New Jersey Department of Public Health,2020-04-06,2020-04-06,52.21,%,,6866,3585,46.15,%,,,89032,41090,,
19,212,http://hl7.org/fhir/uv/saner/Measure/FEMADailyHospitalCOVID19Reporting,2023-01-05T20:26:07.403+00:00,State of New Jersey,New Jersey Department of Public Health,2020-04-06,2020-04-06,52.21,%,,6866,3585,46.15,%,,,89032,41090,,
20,6,http://hl7.org/fhir/uv/saner/Measure/FEMADailyHospitalCOVID19Reporting,2023-01-05T20:26:07.403+00:00,State of New Jersey,New Jersey Department of Public Health,2020-04-06,2020-04-06,52.21,%,,6866,3585,46.15,%,,,89032,41090,,
21,1448,http://hl7.org/fhir/uv/saner/Measure/FEMADailyHospitalCOVID19Reporting,2023-01-05T20:26:07.403+00:00,State of New Jersey,New Jersey Department of Public Health,2020-04-06,2020-04-06,52.21,%,,6866,3585,46.15,%,,,89032,41090,,
22,1036,http://hl7.org/fhir/uv/saner/Measure/FEMADailyHospitalCOVID19Reporting,2023-01-05T20:26:07.403+00:00,State of New Jersey,New Jersey Department of Public Health,2020-04-06,2020-04-06,52.21,%,,6866,3585,46.15,%,,,89032,41090,,
23,418,http://hl7.org/fhir/uv/saner/Measure/FEMADailyHospitalCOVID19Reporting,2023-01-05T20:26:07.403+00:00,State of New Jersey,New Jersey Department of Public Health,2020-04-06,2020-04-06,52.21,%,,6866,3585,46.15,%,,,89032,41090,,
24,832,http://hl7.org/fhir/uv/saner/Measure/FEMADailyHospitalCOVID19Reporting,2023-01-05T20:26:07.403+00:00,State of New Jersey,New Jersey Department of Public Health,2020-04-07,2020-04-07,55.97,%,,5942,3326,46.77,%,,,94974,44416,,
25,8,http://hl7.org/fhir/uv/saner/Measure/FEMADailyHospitalCOVID19Reporting,2023-01-05T20:26:07.403+00:00,State of New Jersey,New Jersey Department of Public Health,2020-04-07,2020-04-07,55.97,%,,5942,3326,46.77,%,,,94974,44416,,
26,1450,http://hl7.org/fhir/uv/saner/Measure/FEMADailyHospitalCOVID19Reporting,2023-01-05T20:26:07.403+00:00,State of New Jersey,New Jersey Department of Public Health,2020-04-07,2020-04-07,55.97,%,,5942,3326,46.77,%,,,94974,44416,,
27,1244,http://hl7.org/fhir/uv/saner/Measure/FEMADailyHospitalCOVID19Reporting,2023-01-05T20:26:07.403+00:00,State of New Jersey,New Jersey Department of Public Health,2020-04-07,2020-04-07,55.97,%,,5942,3326,46.77,%,,,94974,44416,,
28,1038,http://hl7.org/fhir/uv/saner/Measure/FEMADailyHospitalCOVID19Reporting,2023-01-05T20:26:07.403+00:00,State of New Jersey,New Jersey Department of Public Health,2020-04-07,2020-04-07,55.97,%,,5942,3326,46.77,%,,,94974,44416,,
29,214,http://hl7.org/fhir/uv/saner/Measure/FEMADailyHospitalCOVID19Reporting,2023-01-05T20:26:07.403+00:00,State of New Jersey,New Jersey Department of Public Health,2020-04-07,2020-04-07,55.97,%,,5942,3326,46.77,%,,,94974,44416,,
30,420,http://hl7.org/fhir/uv/saner/Measure/FEMADailyHospitalCOVID19Reporting,2023-01-05T20:26:07.403+00:00,State of New Jersey,New Jersey Department of Public Health,2020-04-07,2020-04-07,55.97,%,,5942,3326,46.77,%,,,94974,44416,,
31,626,http://hl7.org/fhir/uv/saner/Measure/FEMADailyHospitalCOVID19Reporting,2023-01-05T20:26:07.403+00:00,State of New Jersey,New Jersey Department of Public Health,2020-04-07,2020-04-07,55.97,%,,5942,3326,46.77,%,,,94974,44416,,
32,10,http://hl7.org/fhir/uv/saner/Measure/FEMADailyHospitalCOVID19Reporting,2023-01-05T20:26:07.403+00:00,State of New Jersey,New Jersey Department of Public Health,2020-04-08,2020-04-08,55.51,%,,5442,3021,47.24,%,,,100416,47437,,
33,1246,http://hl7.org/fhir/uv/saner/Measure/FEMADailyHospitalCOVID19Reporting,2023-01-05T20:26:07.403+00:00,State of New Jersey,New Jersey Department of Public Health,2020-04-08,2020-04-08,55.51,%,,5442,3021,47.24,%,,,100416,47437,,
34,1452,http://hl7.org/fhir/uv/saner/Measure/FEMADailyHospitalCOVID19Reporting,2023-01-05T20:26:07.403+00:00,State of New Jersey,New Jersey Department of Public Health,2020-04-08,2020-04-08,55.51,%,,5442,3021,47.24,%,,,100416,47437,,
35,422,http://hl7.org/fhir/uv/saner/Measure/FEMADailyHospitalCOVID19Reporting,2023-01-05T20:26:07.403+00:00,State of New Jersey,New Jersey Department of Public Health,2020-04-08,2020-04-08,55.51,%,,5442,3021,47.24,%,,,100416,47437,,
36,1040,http://hl7.org/fhir/uv/saner/Measure/FEMADailyHospitalCOVID19Reporting,2023-01-05T20:26:07.403+00:00,State of New Jersey,New Jersey Department of Public Health,2020-04-08,2020-04-08,55.51,%,,5442,3021,47.24,%,,,100416,47437,,
37,834,http://hl7.org/fhir/uv/saner/Measure/FEMADailyHospitalCOVID19Reporting,2023-01-05T20:26:07.403+00:00,State of New Jersey,New Jersey Department of Public Health,2020-04-08,2020-04-08,55.51,%,,5442,3021,47.24,%,,,100416,47437,,
38,628,http://hl7.org/fhir/uv/saner/Measure/FEMADailyHospitalCOVID19Reporting,2023-01-05T20:26:07.403+00:00,State of New Jersey,New Jersey Department of Public Health,2020-04-08,2020-04-08,55.51,%,,5442,3021,47.24,%,,,100416,47437,,
39,216,http://hl7.org/fhir/uv/saner/Measure/FEMADailyHospitalCOVID19Reporting,2023-01-05T20:26:07.403+00:00,State of New Jersey,New Jersey Department of Public Health,2020-04-08,2020-04-08,55.51,%,,5442,3021,47.24,%,,,100416,47437,,
40,836,http://hl7.org/fhir/uv/saner/Measure/FEMADailyHospitalCOVID19Reporting,2023-01-05T20:26:07.403+00:00,State of New Jersey,New Jersey Department of Public Health,2020-04-09,2020-04-09,52.98,%,,6776,3590,47.6,%,,,107192,51027,,
41,1248,http://hl7.org/fhir/uv/saner/Measure/FEMADailyHospitalCOVID19Reporting,2023-01-05T20:26:07.403+00:00,State of New Jersey,New Jersey Department of Public Health,2020-04-09,2020-04-09,52.98,%,,6776,3590,47.6,%,,,107192,51027,,
42,218,http://hl7.org/fhir/uv/saner/Measure/FEMADailyHospitalCOVID19Reporting,2023-01-05T20:26:07.403+00:00,State of New Jersey,New Jersey Department of Public Health,2020-04-09,2020-04-09,52.98,%,,6776,3590,47.6,%,,,107192,51027,,
43,630,http://hl7.org/fhir/uv/saner/Measure/FEMADailyHospitalCOVID19Reporting,2023-01-05T20:26:07.403+00:00,State of New Jersey,New Jersey Department of Public Health,2020-04-09,2020-04-09,52.98,%,,6776,3590,47.6,%,,,107192,51027,,
44,12,http://hl7.org/fhir/uv/saner/Measure/FEMADailyHospitalCOVID19Reporting,2023-01-05T20:26:07.403+00:00,State of New Jersey,New Jersey Department of Public Health,2020-04-09,2020-04-09,52.98,%,,6776,3590,47.6,%,,,107192,51027,,
45,1042,http://hl7.org/fhir/uv/saner/Measure/FEMADailyHospitalCOVID19Reporting,2023-01-05T20:26:07.403+00:00,State of New Jersey,New Jersey Department of Public Health,2020-04-09,2020-04-09,52.98,%,,6776,3590,47.6,%,,,107192,51027,,
46,1454,http://hl7.org/fhir/uv/saner/Measure/FEMADailyHospitalCOVID19Reporting,2023-01-05T20:26:07.403+00:00,State of New Jersey,New Jersey Department of Public Health,2020-04-09,2020-04-09,52.98,%,,6776,3590,47.6,%,,,107192,51027,,
47,424,http://hl7.org/fhir/uv/saner/Measure/FEMADailyHospitalCOVID19Reporting,2023-01-05T20:26:07.403+00:00,State of New Jersey,New Jersey Department of Public Health,2020-04-09,2020-04-09,52.98,%,,6776,3590,47.6,%,,,107192,51027,,
48,426,http://hl7.org/fhir/uv/saner/Measure/FEMADailyHospitalCOVID19Reporting,2023-01-05T20:26:07.403+00:00,State of New Jersey,New Jersey Department of Public Health,2020-04-10,2020-04-10,56.25,%,,6331,3561,48.09,%,,,113523,54588,,
49,838,http://hl7.org/fhir/uv/saner/Measure/FEMADailyHospitalCOVID19Reporting,2023-01-05T20:26:07.403+00:00,State of New Jersey,New Jersey Department of Public Health,2020-04-10,2020-04-10,56.25,%,,6331,3561,48.09,%,,,113523,54588,,
50,14,http://hl7.org/fhir/uv/saner/Measure/FEMADailyHospitalCOVID19Reporting,2023-01-05T20:26:07.403+00:00,State of New Jersey,New Jersey Department of Public Health,2020-04-10,2020-04-10,56.25,%,,6331,3561,48.09,%,,,113523,54588,,
51,1456,http://hl7.org/fhir/uv/saner/Measure/FEMADailyHospitalCOVID19Reporting,2023-01-05T20:26:07.403+00:00,State of New Jersey,New Jersey Department of Public Health,2020-04-10,2020-04-10,56.25,%,,6331,3561,48.09,%,,,113523,54588,,
52,1250,http://hl7.org/fhir/uv/saner/Measure/FEMADailyHospitalCOVID19Reporting,2023-01-05T20:26:07.403+00:00,State of New Jersey,New Jersey Department of Public Health,2020-04-10,2020-04-10,56.25,%,,6331,3561,48.09,%,,,113523,54588,,
53,220,http://hl7.org/fhir/uv/saner/Measure/FEMADailyHospitalCOVID19Reporting,2023-01-05T20:26:07.403+00:00,State of New Jersey,New Jersey Department of Public Health,2020-04-10,2020-04-10,56.25,%,,6331,3561,48.09,%,,,113523,54588,,
54,1044,http://hl7.org/fhir/uv/saner/Measure/FEMADailyHospitalCOVID19Reporting,2023-01-05T20:26:07.403+00:00,State of New Jersey,New Jersey Department of Public Health,2020-04-10,2020-04-10,56.25,%,,6331,3561,48.09,%,,,113523,54588,,
55,632,http://hl7.org/fhir/uv/saner/Measure/FEMADailyHospitalCOVID19Reporting,2023-01-05T20:26:07.403+00:00,State of New Jersey,New Jersey Department of Public Health,2020-04-10,2020-04-10,56.25,%,,6331,3561,48.09,%,,,113523,54588,,
56,1046,http://hl7.org/fhir/uv/saner/Measure/FEMADailyHospitalCOVID19Reporting,2023-01-05T20:26:07.403+00:00,State of New Jersey,New Jersey Department of Public Health,2020-04-11,2020-04-11,53.42,%,,6670,3563,48.38,%,,,120193,58151,,
57,634,http://hl7.org/fhir/uv/saner/Measure/FEMADailyHospitalCOVID19Reporting,2023-01-05T20:26:07.403+00:00,State of New Jersey,New Jersey Department of Public Health,2020-04-11,2020-04-11,53.42,%,,6670,3563,48.38,%,,,120193,58151,,
58,1458,http://hl7.org/fhir/uv/saner/Measure/FEMADailyHospitalCOVID19Reporting,2023-01-05T20:26:07.403+00:00,State of New Jersey,New Jersey Department of Public Health,2020-04-11,2020-04-11,53.42,%,,6670,3563,48.38,%,,,120193,58151,,
59,428,http://hl7.org/fhir/uv/saner/Measure/FEMADailyHospitalCOVID19Reporting,2023-01-05T20:26:07.403+00:00,State of New Jersey,New Jersey Department of Public Health,2020-04-11,2020-04-11,53.42,%,,6670,3563,48.38,%,,,120193,58151,,
60,840,http://hl7.org/fhir/uv/saner/Measure/FEMADailyHospitalCOVID19Reporting,2023-01-05T20:26:07.403+00:00,State of New Jersey,New Jersey Department of Public Health,2020-04-11,2020-04-11,53.42,%,,6670,3563,48.38,%,,,120193,58151,,
61,1252,http://hl7.org/fhir/uv/saner/Measure/FEMADailyHospitalCOVID19Reporting,2023-01-05T20:26:07.403+00:00,State of New Jersey,New Jersey Department of Public Health,2020-04-11,2020-04-11,53.42,%,,6670,3563,48.38,%,,,120193,58151,,
62,222,http://hl7.org/fhir/uv/saner/Measure/FEMADailyHospitalCOVID19Reporting,2023-01-05T20:26:07.403+00:00,State of New Jersey,New Jersey Department of Public Health,2020-04-11,2020-04-11,53.42,%,,6670,3563,48.38,%,,,120193,58151,,
63,16,http://hl7.org/fhir/uv/saner/Measure/FEMADailyHospitalCOVID19Reporting,2023-01-05T20:26:07.403+00:00,State of New Jersey,New Jersey Department of Public Health,2020-04-11,2020-04-11,53.42,%,,6670,3563,48.38,%,,,120193,58151,,
64,1460,http://hl7.org/fhir/uv/saner/Measure/FEMADailyHospitalCOVID19Reporting,2023-01-05T20:26:07.403+00:00,State of New Jersey,New Jersey Department of Public Health,2020-04-12,2020-04-12,56.54,%,,6542,3699,48.8,%,,,126735,61850,,
65,224,http://hl7.org/fhir/uv/saner/Measure/FEMADailyHospitalCOVID19Reporting,2023-01-05T20:26:07.403+00:00,State of New Jersey,New Jersey Department of Public Health,2020-04-12,2020-04-12,56.54,%,,6542,3699,48.8,%,,,126735,61850,,
66,18,http://hl7.org/fhir/uv/saner/Measure/FEMADailyHospitalCOVID19Reporting,2023-01-05T20:26:07.403+00:00,State of New Jersey,New Jersey Department of Public Health,2020-04-12,2020-04-12,56.54,%,,6542,3699,48.8,%,,,126735,61850,,
67,636,http://hl7.org/fhir/uv/saner/Measure/FEMADailyHospitalCOVID19Reporting,2023-01-05T20:26:07.403+00:00,State of New Jersey,New Jersey Department of Public Health,2020-04-12,2020-04-12,56.54,%,,6542,3699,48.8,%,,,126735,61850,,
68,1254,http://hl7.org/fhir/uv/saner/Measure/FEMADailyHospitalCOVID19Reporting,2023-01-05T20:26:07.403+00:00,State of New Jersey,New Jersey Department of Public Health,2020-04-12,2020-04-12,56.54,%,,6542,3699,48.8,%,,,126735,61850,,
69,842,http://hl7.org/fhir/uv/saner/Measure/FEMADailyHospitalCOVID19Reporting,2023-01-05T20:26:07.403+00:00,State of New Jersey,New Jersey Department of Public Health,2020-04-12,2020-04-12,56.54,%,,6542,3699,48.8,%,,,126735,61850,,
70,430,http://hl7.org/fhir/uv/saner/Measure/FEMADailyHospitalCOVID19Reporting,2023-01-05T20:26:07.403+00:00,State of New Jersey,New Jersey Department of Public Health,2020-04-12,2020-04-12,56.54,%,,6542,3699,48.8,%,,,126735,61850,,
71,1048,http://hl7.org/fhir/uv/saner/Measure/FEMADailyHospitalCOVID19Reporting,2023-01-05T20:26:07.403+00:00,State of New Jersey,New Jersey Department of Public Health,2020-04-12,2020-04-12,56.54,%,,6542,3699,48.8,%,,,126735,61850,,
72,432,http://hl7.org/fhir/uv/saner/Measure/FEMADailyHospitalCOVID19Reporting,2023-01-05T20:26:07.403+00:00,State of New Jersey,New Jersey Department of Public Health,2020-04-13,2020-04-13,100.0,%,,2734,2734,49.88,%,,,129469,64584,,
73,1462,http://hl7.org/fhir/uv/saner/Measure/FEMADailyHospitalCOVID19Reporting,2023-01-05T20:26:07.403+00:00,State of New Jersey,New Jersey Department of Public Health,2020-04-13,2020-04-13,100.0,%,,2734,2734,49.88,%,,,129469,64584,,
74,844,http://hl7.org/fhir/uv/saner/Measure/FEMADailyHospitalCOVID19Reporting,2023-01-05T20:26:07.403+00:00,State of New Jersey,New Jersey Department of Public Health,2020-04-13,2020-04-13,100.0,%,,2734,2734,49.88,%,,,129469,64584,,
75,20,http://hl7.org/fhir/uv/saner/Measure/FEMADailyHospitalCOVID19Reporting,2023-01-05T20:26:07.403+00:00,State of New Jersey,New Jersey Department of Public Health,2020-04-13,2020-04-13,100.0,%,,2734,2734,49.88,%,,,129469,64584,,
76,1050,http://hl7.org/fhir/uv/saner/Measure/FEMADailyHospitalCOVID19Reporting,2023-01-05T20:26:07.403+00:00,State of New Jersey,New Jersey Department of Public Health,2020-04-13,2020-04-13,100.0,%,,2734,2734,49.88,%,,,129469,64584,,
77,226,http://hl7.org/fhir/uv/saner/Measure/FEMADailyHospitalCOVID19Reporting,2023-01-05T20:26:07.403+00:00,State of New Jersey,New Jersey Department of Public Health,2020-04-13,2020-04-13,100.0,%,,2734,2734,49.88,%,,,129469,64584,,
78,1256,http://hl7.org/fhir/uv/saner/Measure/FEMADailyHospitalCOVID19Reporting,2023-01-05T20:26:07.403+00:00,State of New Jersey,New Jersey Department of Public Health,2020-04-13,2020-04-13,100.0,%,,2734,2734,49.88,%,,,129469,64584,,
79,638,http://hl7.org/fhir/uv/saner/Measure/FEMADailyHospitalCOVID19Reporting,2023-01-05T20:26:07.403+00:00,State of New Jersey,New Jersey Department of Public Health,2020-04-13,2020-04-13,100.0,%,,2734,2734,49.88,%,,,129469,64584,,
80,1052,http://hl7.org/fhir/uv/saner/Measure/FEMADailyHospitalCOVID19Reporting,2023-01-05T20:26:07.403+00:00,State of New Jersey,New Jersey Department of Public Health,2020-04-14,2020-04-14,41.15,%,,10305,4240,49.24,%,,,139774,68824,,
81,228,http://hl7.org/fhir/uv/saner/Measure/FEMADailyHospitalCOVID19Reporting,2023-01-05T20:26:07.403+00:00,State of New Jersey,New Jersey Department of Public Health,2020-04-14,2020-04-14,41.15,%,,10305,4240,49.24,%,,,139774,68824,,
82,434,http://hl7.org/fhir/uv/saner/Measure/FEMADailyHospitalCOVID19Reporting,2023-01-05T20:26:07.403+00:00,State of New Jersey,New Jersey Department of Public Health,2020-04-14,2020-04-14,41.15,%,,10305,4240,49.24,%,,,139774,68824,,
83,640,http://hl7.org/fhir/uv/saner/Measure/FEMADailyHospitalCOVID19Reporting,2023-01-05T20:26:07.403+00:00,State of New Jersey,New Jersey Department of Public Health,2020-04-14,2020-04-14,41.15,%,,10305,4240,49.24,%,,,139774,68824,,
84,1464,http://hl7.org/fhir/uv/saner/Measure/FEMADailyHospitalCOVID19Reporting,2023-01-05T20:26:07.403+00:00,State of New Jersey,New Jersey Department of Public Health,2020-04-14,2020-04-14,41.15,%,,10305,4240,49.24,%,,,139774,68824,,
85,1258,http://hl7.org/fhir/uv/saner/Measure/FEMADailyHospitalCOVID19Reporting,2023-01-05T20:26:07.403+00:00,State of New Jersey,New Jersey Department of Public Health,2020-04-14,2020-04-14,41.15,%,,10305,4240,49.24,%,,,139774,68824,,
86,846,http://hl7.org/fhir/uv/saner/Measure/FEMADailyHospitalCOVID19Reporting,2023-01-05T20:26:07.403+00:00,State of New Jersey,New Jersey Department of Public Health,2020-04-14,2020-04-14,41.15,%,,10305,4240,49.24,%,,,139774,68824,,
87,22,http://hl7.org/fhir/uv/saner/Measure/FEMADailyHospitalCOVID19Reporting,2023-01-05T20:26:07.403+00:00,State of New Jersey,New Jersey Department of Public Health,2020-04-14,2020-04-14,41.15,%,,10305,4240,49.24,%,,,139774,68824,,
88,1260,http://hl7.org/fhir/uv/saner/Measure/FEMADailyHospitalCOVID19Reporting,2023-01-05T20:26:07.403+00:00,State of New Jersey,New Jersey Department of Public Health,2020-04-15,2020-04-15,51.94,%,,4247,2206,49.32,%,,,144021,71030,,
89,1054,http://hl7.org/fhir/uv/saner/Measure/FEMADailyHospitalCOVID19Reporting,2023-01-05T20:26:07.403+00:00,State of New Jersey,New Jersey Department of Public Health,2020-04-15,2020-04-15,51.94,%,,4247,2206,49.32,%,,,144021,71030,,
90,1466,http://hl7.org/fhir/uv/saner/Measure/FEMADailyHospitalCOVID19Reporting,2023-01-05T20:26:07.403+00:00,State of New Jersey,New Jersey Department of Public Health,2020-04-15,2020-04-15,51.94,%,,4247,2206,49.32,%,,,144021,71030,,
91,24,http://hl7.org/fhir/uv/saner/Measure/FEMADailyHospitalCOVID19Reporting,2023-01-05T20:26:07.403+00:00,State of New Jersey,New Jersey Department of Public Health,2020-04-15,2020-04-15,51.94,%,,4247,2206,49.32,%,,,144021,71030,,
92,642,http://hl7.org/fhir/uv/saner/Measure/FEMADailyHospitalCOVID19Reporting,2023-01-05T20:26:07.403+00:00,State of New Jersey,New Jersey Department of Public Health,2020-04-15,2020-04-15,51.94,%,,4247,2206,49.32,%,,,144021,71030,,
93,230,http://hl7.org/fhir/uv/saner/Measure/FEMADailyHospitalCOVID19Reporting,2023-01-05T20:26:07.403+00:00,State of New Jersey,New Jersey Department of Public Health,2020-04-15,2020-04-15,51.94,%,,4247,2206,49.32,%,,,144021,71030,,
94,848,http://hl7.org/fhir/uv/saner/Measure/FEMADailyHospitalCOVID19Reporting,2023-01-05T20:26:07.403+00:00,State of New Jersey,New Jersey Department of Public Health,2020-04-15,2020-04-15,51.94,%,,4247,2206,49.32,%,,,144021,71030,,
95,436,http://hl7.org/fhir/uv/saner/Measure/FEMADailyHospitalCOVID19Reporting,2023-01-05T20:26:07.403+00:00,State of New Jersey,New Jersey Department of Public Health,2020-04-15,2020-04-15,51.94,%,,4247,2206,49.32,%,,,144021,71030,,
96,644,http://hl7.org/fhir/uv/saner/Measure/FEMADailyHospitalCOVID19Reporting,2023-01-05T20:26:07.403+00:00,State of New Jersey,New Jersey Department of Public Health,2020-04-16,2020-04-16,54.9,%,,7809,4287,49.61,%,,,151830,75317,,
97,850,http://hl7.org/fhir/uv/saner/Measure/FEMADailyHospitalCOVID19Reporting,2023-01-05T20:26:07.403+00:00,State of New Jersey,New Jersey Department of Public Health,2020-04-16,2020-04-16,54.9,%,,7809,4287,49.61,%,,,151830,75317,,
98,438,http://hl7.org/fhir/uv/saner/Measure/FEMADailyHospitalCOVID19Reporting,2023-01-05T20:26:07.403+00:00,State of New Jersey,New Jersey Department of Public Health,2020-04-16,2020-04-16,54.9,%,,7809,4287,49.61,%,,,151830,75317,,
99,232,http://hl7.org/fhir/uv/saner/Measure/FEMADailyHospitalCOVID19Reporting,2023-01-05T20:26:07.403+00:00,State of New Jersey,New Jersey Department of Public Health,2020-04-16,2020-04-16,54.9,%,,7809,4287,49.61,%,,,151830,75317,,
100,1468,http://hl7.org/fhir/uv/saner/Measure/FEMADailyHospitalCOVID19Reporting,2023-01-05T20:26:07.403+00:00,State of New Jersey,New Jersey Department of Public Health,2020-04-16,2020-04-16,54.9,%,,7809,4287,49.61,%,,,151830,75317,,
101,26,http://hl7.org/fhir/uv/saner/Measure/FEMADailyHospitalCOVID19Reporting,2023-01-05T20:26:07.403+00:00,State of New Jersey,New Jersey Department of Public Health,2020-04-16,2020-04-16,54.9,%,,7809,4287,49.61,%,,,151830,75317,,
102,1056,http://hl7.org/fhir/uv/saner/Measure/FEMADailyHospitalCOVID19Reporting,2023-01-05T20:26:07.403+00:00,State of New Jersey,New Jersey Department of Public Health,2020-04-16,2020-04-16,54.9,%,,7809,4287,49.61,%,,,151830,75317,,
103,1262,http://hl7.org/fhir/uv/saner/Measure/FEMADailyHospitalCOVID19Reporting,2023-01-05T20:26:07.403+00:00,State of New Jersey,New Jersey Department of Public Health,2020-04-16,2020-04-16,54.9,%,,7809,4287,49.61,%,,,151830,75317,,
104,1470,http://hl7.org/fhir/uv/saner/Measure/FEMADailyHospitalCOVID19Reporting,2023-01-05T20:26:07.403+00:00,State of New Jersey,New Jersey Department of Public Health,2020-04-17,2020-04-17,56.06,%,,5619,3150,49.84,%,,,157449,78467,,
105,234,http://hl7.org/fhir/uv/saner/Measure/FEMADailyHospitalCOVID19Reporting,2023-01-05T20:26:07.403+00:00,State of New Jersey,New Jersey Department of Public Health,2020-04-17,2020-04-17,56.06,%,,5619,3150,49.84,%,,,157449,78467,,
106,440,http://hl7.org/fhir/uv/saner/Measure/FEMADailyHospitalCOVID19Reporting,2023-01-05T20:26:07.403+00:00,State of New Jersey,New Jersey Department of Public Health,2020-04-17,2020-04-17,56.06,%,,5619,3150,49.84,%,,,157449,78467,,
107,1058,http://hl7.org/fhir/uv/saner/Measure/FEMADailyHospitalCOVID19Reporting,2023-01-05T20:26:07.403+00:00,State of New Jersey,New Jersey Department of Public Health,2020-04-17,2020-04-17,56.06,%,,5619,3150,49.84,%,,,157449,78467,,
108,1264,http://hl7.org/fhir/uv/saner/Measure/FEMADailyHospitalCOVID19Reporting,2023-01-05T20:26:07.403+00:00,State of New Jersey,New Jersey Department of Public Health,2020-04-17,2020-04-17,56.06,%,,5619,3150,49.84,%,,,157449,78467,,
109,646,http://hl7.org/fhir/uv/saner/Measure/FEMADailyHospitalCOVID19Reporting,2023-01-05T20:26:07.403+00:00,State of New Jersey,New Jersey Department of Public Health,2020-04-17,2020-04-17,56.06,%,,5619,3150,49.84,%,,,157449,78467,,
110,852,http://hl7.org/fhir/uv/saner/Measure/FEMADailyHospitalCOVID19Reporting,2023-01-05T20:26:07.403+00:00,State of New Jersey,New Jersey Department of Public Health,2020-04-17,2020-04-17,56.06,%,,5619,3150,49.84,%,,,157449,78467,,
111,28,http://hl7.org/fhir/uv/saner/Measure/FEMADailyHospitalCOVID19Reporting,2023-01-05T20:26:07.403+00:00,State of New Jersey,New Jersey Department of Public Health,2020-04-17,2020-04-17,56.06,%,,5619,3150,49.84,%,,,157449,78467,,
112,30,http://hl7.org/fhir/uv/saner/Measure/FEMADailyHospitalCOVID19Reporting,2023-01-05T20:26:07.403+00:00,State of New Jersey,New Jersey Department of Public Health,2020-04-18,2020-04-18,58.05,%,,5087,2953,50.09,%,,,162536,81420,,
113,1060,http://hl7.org/fhir/uv/saner/Measure/FEMADailyHospitalCOVID19Reporting,2023-01-05T20:26:07.403+00:00,State of New Jersey,New Jersey Department of Public Health,2020-04-18,2020-04-18,58.05,%,,5087,2953,50.09,%,,,162536,81420,,
114,236,http://hl7.org/fhir/uv/saner/Measure/FEMADailyHospitalCOVID19Reporting,2023-01-05T20:26:07.403+00:00,State of New Jersey,New Jersey Department of Public Health,2020-04-18,2020-04-18,58.05,%,,5087,2953,50.09,%,,,162536,81420,,
115,1266,http://hl7.org/fhir/uv/saner/Measure/FEMADailyHospitalCOVID19Reporting,2023-01-05T20:26:07.403+00:00,State of New Jersey,New Jersey Department of Public Health,2020-04-18,2020-04-18,58.05,%,,5087,2953,50.09,%,,,162536,81420,,
116,854,http://hl7.org/fhir/uv/saner/Measure/FEMADailyHospitalCOVID19Reporting,2023-01-05T20:26:07.403+00:00,State of New Jersey,New Jersey Department of Public Health,2020-04-18,2020-04-18,58.05,%,,5087,2953,50.09,%,,,162536,81420,,
117,648,http://hl7.org/fhir/uv/saner/Measure/FEMADailyHospitalCOVID19Reporting,2023-01-05T20:26:07.403+00:00,State of New Jersey,New Jersey Department of Public Health,2020-04-18,2020-04-18,58.05,%,,5087,2953,50.09,%,,,162536,81420,,
118,1472,http://hl7.org/fhir/uv/saner/Measure/FEMADailyHospitalCOVID19Reporting,2023-01-05T20:26:07.403+00:00,State of New Jersey,New Jersey Department of Public Health,2020-04-18,2020-04-18,58.05,%,,5087,2953,50.09,%,,,162536,81420,,
119,442,http://hl7.org/fhir/uv/saner/Measure/FEMADailyHospitalCOVID19Reporting,2023-01-05T20:26:07.403+00:00,State of New Jersey,New Jersey Department of Public Health,2020-04-18,2020-04-18,58.05,%,,5087,2953,50.09,%,,,162536,81420,,
120,238,http://hl7.org/fhir/uv/saner/Measure/FEMADailyHospitalCOVID19Reporting,2023-01-05T20:26:07.403+00:00,State of New Jersey,New Jersey Department of Public Health,2020-04-19,2020-04-19,47.61,%,,8152,3881,49.97,%,,,170688,85301,,
121,444,http://hl7.org/fhir/uv/saner/Measure/FEMADailyHospitalCOVID19Reporting,2023-01-05T20:26:07.403+00:00,State of New Jersey,New Jersey Department of Public Health,2020-04-19,2020-04-19,47.61,%,,8152,3881,49.97,%,,,170688,85301,,
122,650,http://hl7.org/fhir/uv/saner/Measure/FEMADailyHospitalCOVID19Reporting,2023-01-05T20:26:07.403+00:00,State of New Jersey,New Jersey Department of Public Health,2020-04-19,2020-04-19,47.61,%,,8152,3881,49.97,%,,,170688,85301,,
123,1062,http://hl7.org/fhir/uv/saner/Measure/FEMADailyHospitalCOVID19Reporting,2023-01-05T20:26:07.403+00:00,State of New Jersey,New Jersey Department of Public Health,2020-04-19,2020-04-19,47.61,%,,8152,3881,49.97,%,,,170688,85301,,
124,856,http://hl7.org/fhir/uv/saner/Measure/FEMADailyHospitalCOVID19Reporting,2023-01-05T20:26:07.403+00:00,State of New Jersey,New Jersey Department of Public Health,2020-04-19,2020-04-19,47.61,%,,8152,3881,49.97,%,,,170688,85301,,
125,1474,http://hl7.org/fhir/uv/saner/Measure/FEMADailyHospitalCOVID19Reporting,2023-01-05T20:26:07.403+00:00,State of New Jersey,New Jersey Department of Public Health,2020-04-19,2020-04-19,47.61,%,,8152,3881,49.97,%,,,170688,85301,,
126,32,http://hl7.org/fhir/uv/saner/Measure/FEMADailyHospitalCOVID19Reporting,2023-01-05T20:26:07.403+00:00,State of New Jersey,New Jersey Department of Public Health,2020-04-19,2020-04-19,47.61,%,,8152,3881,49.97,%,,,170688,85301,,
127,1268,http://hl7.org/fhir/uv/saner/Measure/FEMADailyHospitalCOVID19Reporting,2023-01-05T20:26:07.403+00:00,State of New Jersey,New Jersey Department of Public Health,2020-04-19,2020-04-19,47.61,%,,8152,3881,49.97,%,,,170688,85301,,
128,652,http://hl7.org/fhir/uv/saner/Measure/FEMADailyHospitalCOVID19Reporting,2023-01-05T20:26:07.403+00:00,State of New Jersey,New Jersey Department of Public Health,2020-04-20,2020-04-20,47.56,%,,7369,3505,49.88,%,,,178057,88806,,
129,446,http://hl7.org/fhir/uv/saner/Measure/FEMADailyHospitalCOVID19Reporting,2023-01-05T20:26:07.403+00:00,State of New Jersey,New Jersey Department of Public Health,2020-04-20,2020-04-20,47.56,%,,7369,3505,49.88,%,,,178057,88806,,
130,1270,http://hl7.org/fhir/uv/saner/Measure/FEMADailyHospitalCOVID19Reporting,2023-01-05T20:26:07.403+00:00,State of New Jersey,New Jersey Department of Public Health,2020-04-20,2020-04-20,47.56,%,,7369,3505,49.88,%,,,178057,88806,,
131,1064,http://hl7.org/fhir/uv/saner/Measure/FEMADailyHospitalCOVID19Reporting,2023-01-05T20:26:07.403+00:00,State of New Jersey,New Jersey Department of Public Health,2020-04-20,2020-04-20,47.56,%,,7369,3505,49.88,%,,,178057,88806,,
132,1476,http://hl7.org/fhir/uv/saner/Measure/FEMADailyHospitalCOVID19Reporting,2023-01-05T20:26:07.403+00:00,State of New Jersey,New Jersey Department of Public Health,2020-04-20,2020-04-20,47.56,%,,7369,3505,49.88,%,,,178057,88806,,
133,34,http://hl7.org/fhir/uv/saner/Measure/FEMADailyHospitalCOVID19Reporting,2023-01-05T20:26:07.403+00:00,State of New Jersey,New Jersey Department of Public Health,2020-04-20,2020-04-20,47.56,%,,7369,3505,49.88,%,,,178057,88806,,
134,858,http://hl7.org/fhir/uv/saner/Measure/FEMADailyHospitalCOVID19Reporting,2023-01-05T20:26:07.403+00:00,State of New Jersey,New Jersey Department of Public Health,2020-04-20,2020-04-20,47.56,%,,7369,3505,49.88,%,,,178057,88806,,
135,240,http://hl7.org/fhir/uv/saner/Measure/FEMADailyHospitalCOVID19Reporting,2023-01-05T20:26:07.403+00:00,State of New Jersey,New Jersey Department of Public Health,2020-04-20,2020-04-20,47.56,%,,7369,3505,49.88,%,,,178057,88806,,
136,36,http://hl7.org/fhir/uv/saner/Measure/FEMADailyHospitalCOVID19Reporting,2023-01-05T20:26:07.403+00:00,State of New Jersey,New Jersey Department of Public Health,2020-04-21,2020-04-21,52.9,%,,6769,3581,49.99,%,,,184826,92387,,
137,242,http://hl7.org/fhir/uv/saner/Measure/FEMADailyHospitalCOVID19Reporting,2023-01-05T20:26:07.403+00:00,State of New Jersey,New Jersey Department of Public Health,2020-04-21,2020-04-21,52.9,%,,6769,3581,49.99,%,,,184826,92387,,
138,1272,http://hl7.org/fhir/uv/saner/Measure/FEMADailyHospitalCOVID19Reporting,2023-01-05T20:26:07.403+00:00,State of New Jersey,New Jersey Department of Public Health,2020-04-21,2020-04-21,52.9,%,,6769,3581,49.99,%,,,184826,92387,,
139,654,http://hl7.org/fhir/uv/saner/Measure/FEMADailyHospitalCOVID19Reporting,2023-01-05T20:26:07.403+00:00,State of New Jersey,New Jersey Department of Public Health,2020-04-21,2020-04-21,52.9,%,,6769,3581,49.99,%,,,184826,92387,,
140,448,http://hl7.org/fhir/uv/saner/Measure/FEMADailyHospitalCOVID19Reporting,2023-01-05T20:26:07.403+00:00,State of New Jersey,New Jersey Department of Public Health,2020-04-21,2020-04-21,52.9,%,,6769,3581,49.99,%,,,184826,92387,,
141,860,http://hl7.org/fhir/uv/saner/Measure/FEMADailyHospitalCOVID19Reporting,2023-01-05T20:26:07.403+00:00,State of New Jersey,New Jersey Department of Public Health,2020-04-21,2020-04-21,52.9,%,,6769,3581,49.99,%,,,184826,92387,,
142,1478,http://hl7.org/fhir/uv/saner/Measure/FEMADailyHospitalCOVID19Reporting,2023-01-05T20:26:07.403+00:00,State of New Jersey,New Jersey Department of Public Health,2020-04-21,2020-04-21,52.9,%,,6769,3581,49.99,%,,,184826,92387,,
143,1066,http://hl7.org/fhir/uv/saner/Measure/FEMADailyHospitalCOVID19Reporting,2023-01-05T20:26:07.403+00:00,State of New Jersey,New Jersey Department of Public Health,2020-04-21,2020-04-21,52.9,%,,6769,3581,49.99,%,,,184826,92387,,
144,1480,http://hl7.org/fhir/uv/saner/Measure/FEMADailyHospitalCOVID19Reporting,2023-01-05T20:26:07.403+00:00,State of New Jersey,New Jersey Department of Public Health,2020-04-22,2020-04-22,50.9,%,,6833,3478,50.02,%,,,191659,95865,,
145,1274,http://hl7.org/fhir/uv/saner/Measure/FEMADailyHospitalCOVID19Reporting,2023-01-05T20:26:07.403+00:00,State of New Jersey,New Jersey Department of Public Health,2020-04-22,2020-04-22,50.9,%,,6833,3478,50.02,%,,,191659,95865,,
146,1068,http://hl7.org/fhir/uv/saner/Measure/FEMADailyHospitalCOVID19Reporting,2023-01-05T20:26:07.403+00:00,State of New Jersey,New Jersey Department of Public Health,2020-04-22,2020-04-22,50.9,%,,6833,3478,50.02,%,,,191659,95865,,
147,450,http://hl7.org/fhir/uv/saner/Measure/FEMADailyHospitalCOVID19Reporting,2023-01-05T20:26:07.403+00:00,State of New Jersey,New Jersey Department of Public Health,2020-04-22,2020-04-22,50.9,%,,6833,3478,50.02,%,,,191659,95865,,
148,244,http://hl7.org/fhir/uv/saner/Measure/FEMADailyHospitalCOVID19Reporting,2023-01-05T20:26:07.403+00:00,State of New Jersey,New Jersey Department of Public Health,2020-04-22,2020-04-22,50.9,%,,6833,3478,50.02,%,,,191659,95865,,
149,862,http://hl7.org/fhir/uv/saner/Measure/FEMADailyHospitalCOVID19Reporting,2023-01-05T20:26:07.403+00:00,State of New Jersey,New Jersey Department of Public Health,2020-04-22,2020-04-22,50.9,%,,6833,3478,50.02,%,,,191659,95865,,
150,38,http://hl7.org/fhir/uv/saner/Measure/FEMADailyHospitalCOVID19Reporting,2023-01-05T20:26:07.403+00:00,State of New Jersey,New Jersey Department of Public Health,2020-04-22,2020-04-22,50.9,%,,6833,3478,50.02,%,,,191659,95865,,
151,656,http://hl7.org/fhir/uv/saner/Measure/FEMADailyHospitalCOVID19Reporting,2023-01-05T20:26:07.403+00:00,State of New Jersey,New Jersey Department of Public Health,2020-04-22,2020-04-22,50.9,%,,6833,3478,50.02,%,,,191659,95865,,
152,658,http://hl7.org/fhir/uv/saner/Measure/FEMADailyHospitalCOVID19Reporting,2023-01-05T20:26:07.403+00:00,State of New Jersey,New Jersey Department of Public Health,2020-04-23,2020-04-23,48.58,%,,8489,4124,49.96,%,,,200148,99989,,
153,864,http://hl7.org/fhir/uv/saner/Measure/FEMADailyHospitalCOVID19Reporting,2023-01-05T20:26:07.403+00:00,State of New Jersey,New Jersey Department of Public Health,2020-04-23,2020-04-23,48.58,%,,8489,4124,49.96,%,,,200148,99989,,
154,452,http://hl7.org/fhir/uv/saner/Measure/FEMADailyHospitalCOVID19Reporting,2023-01-05T20:26:07.403+00:00,State of New Jersey,New Jersey Department of Public Health,2020-04-23,2020-04-23,48.58,%,,8489,4124,49.96,%,,,200148,99989,,
155,1070,http://hl7.org/fhir/uv/saner/Measure/FEMADailyHospitalCOVID19Reporting,2023-01-05T20:26:07.403+00:00,State of New Jersey,New Jersey Department of Public Health,2020-04-23,2020-04-23,48.58,%,,8489,4124,49.96,%,,,200148,99989,,
156,40,http://hl7.org/fhir/uv/saner/Measure/FEMADailyHospitalCOVID19Reporting,2023-01-05T20:26:07.403+00:00,State of New Jersey,New Jersey Department of Public Health,2020-04-23,2020-04-23,48.58,%,,8489,4124,49.96,%,,,200148,99989,,
157,1482,http://hl7.org/fhir/uv/saner/Measure/FEMADailyHospitalCOVID19Reporting,2023-01-05T20:26:07.403+00:00,State of New Jersey,New Jersey Department of Public Health,2020-04-23,2020-04-23,48.58,%,,8489,4124,49.96,%,,,200148,99989,,
158,1276,http://hl7.org/fhir/uv/saner/Measure/FEMADailyHospitalCOVID19Reporting,2023-01-05T20:26:07.403+00:00,State of New Jersey,New Jersey Department of Public Health,2020-04-23,2020-04-23,48.58,%,,8489,4124,49.96,%,,,200148,99989,,
159,246,http://hl7.org/fhir/uv/saner/Measure/FEMADailyHospitalCOVID19Reporting,2023-01-05T20:26:07.403+00:00,State of New Jersey,New Jersey Department of Public Health,2020-04-23,2020-04-23,48.58,%,,8489,4124,49.96,%,,,200148,99989,,
160,42,http://hl7.org/fhir/uv/saner/Measure/FEMADailyHospitalCOVID19Reporting,2023-01-05T20:26:07.403+00:00,State of New Jersey,New Jersey Department of Public Health,2020-04-24,2020-04-24,37.96,%,,5814,2207,49.62,%,,,205962,102196,,
161,1278,http://hl7.org/fhir/uv/saner/Measure/FEMADailyHospitalCOVID19Reporting,2023-01-05T20:26:07.403+00:00,State of New Jersey,New Jersey Department of Public Health,2020-04-24,2020-04-24,37.96,%,,5814,2207,49.62,%,,,205962,102196,,
162,660,http://hl7.org/fhir/uv/saner/Measure/FEMADailyHospitalCOVID19Reporting,2023-01-05T20:26:07.403+00:00,State of New Jersey,New Jersey Department of Public Health,2020-04-24,2020-04-24,37.96,%,,5814,2207,49.62,%,,,205962,102196,,
163,248,http://hl7.org/fhir/uv/saner/Measure/FEMADailyHospitalCOVID19Reporting,2023-01-05T20:26:07.403+00:00,State of New Jersey,New Jersey Department of Public Health,2020-04-24,2020-04-24,37.96,%,,5814,2207,49.62,%,,,205962,102196,,
164,454,http://hl7.org/fhir/uv/saner/Measure/FEMADailyHospitalCOVID19Reporting,2023-01-05T20:26:07.403+00:00,State of New Jersey,New Jersey Department of Public Health,2020-04-24,2020-04-24,37.96,%,,5814,2207,49.62,%,,,205962,102196,,
165,1484,http://hl7.org/fhir/uv/saner/Measure/FEMADailyHospitalCOVID19Reporting,2023-01-05T20:26:07.403+00:00,State of New Jersey,New Jersey Department of Public Health,2020-04-24,2020-04-24,37.96,%,,5814,2207,49.62,%,,,205962,102196,,
166,866,http://hl7.org/fhir/uv/saner/Measure/FEMADailyHospitalCOVID19Reporting,2023-01-05T20:26:07.403+00:00,State of New Jersey,New Jersey Department of Public Health,2020-04-24,2020-04-24,37.96,%,,5814,2207,49.62,%,,,205962,102196,,
167,1072,http://hl7.org/fhir/uv/saner/Measure/FEMADailyHospitalCOVID19Reporting,2023-01-05T20:26:07.403+00:00,State of New Jersey,New Jersey Department of Public Health,2020-04-24,2020-04-24,37.96,%,,5814,2207,49.62,%,,,205962,102196,,
168,1280,http://hl7.org/fhir/uv/saner/Measure/FEMADailyHospitalCOVID19Reporting,2023-01-05T20:26:07.403+00:00,State of New Jersey,New Jersey Department of Public Health,2020-04-25,2020-04-25,43.07,%,,7724,3327,49.38,%,,,213686,105523,,
169,1074,http://hl7.org/fhir/uv/saner/Measure/FEMADailyHospitalCOVID19Reporting,2023-01-05T20:26:07.403+00:00,State of New Jersey,New Jersey Department of Public Health,2020-04-25,2020-04-25,43.07,%,,7724,3327,49.38,%,,,213686,105523,,
170,250,http://hl7.org/fhir/uv/saner/Measure/FEMADailyHospitalCOVID19Reporting,2023-01-05T20:26:07.403+00:00,State of New Jersey,New Jersey Department of Public Health,2020-04-25,2020-04-25,43.07,%,,7724,3327,49.38,%,,,213686,105523,,
171,456,http://hl7.org/fhir/uv/saner/Measure/FEMADailyHospitalCOVID19Reporting,2023-01-05T20:26:07.403+00:00,State of New Jersey,New Jersey Department of Public Health,2020-04-25,2020-04-25,43.07,%,,7724,3327,49.38,%,,,213686,105523,,
172,44,http://hl7.org/fhir/uv/saner/Measure/FEMADailyHospitalCOVID19Reporting,2023-01-05T20:26:07.403+00:00,State of New Jersey,New Jersey Department of Public Health,2020-04-25,2020-04-25,43.07,%,,7724,3327,49.38,%,,,213686,105523,,
173,868,http://hl7.org/fhir/uv/saner/Measure/FEMADailyHospitalCOVID19Reporting,2023-01-05T20:26:07.403+00:00,State of New Jersey,New Jersey Department of Public Health,2020-04-25,2020-04-25,43.07,%,,7724,3327,49.38,%,,,213686,105523,,
174,1486,http://hl7.org/fhir/uv/saner/Measure/FEMADailyHospitalCOVID19Reporting,2023-01-05T20:26:07.403+00:00,State of New Jersey,New Jersey Department of Public Health,2020-04-25,2020-04-25,43.07,%,,7724,3327,49.38,%,,,213686,105523,,
175,662,http://hl7.org/fhir/uv/saner/Measure/FEMADailyHospitalCOVID19Reporting,2023-01-05T20:26:07.403+00:00,State of New Jersey,New Jersey Department of Public Health,2020-04-25,2020-04-25,43.07,%,,7724,3327,49.38,%,,,213686,105523,,
